<databaseChangeLog
        xmlns="http://www.liquibase.org/xml/ns/dbchangelog/1.9"
        xmlns:xsi="http://www.w3.org/2001/XMLSchema-instance"
        xsi:schemaLocation="http://www.liquibase.org/xml/ns/dbchangelog/1.9
                      http://www.liquibase.org/xml/ns/dbchangelog/dbchangelog-1.9.xsd">

    <changeSet author="Nrusingh" id="changelog-9003">
        <createTable tableName="USR_STATUS_VALUE">
            <column name="ID" type="java.sql.Types.BIGINT">
                <constraints primaryKey="true" nullable="false" />
            </column>
            <column name="STATUS" type="java.sql.Types.VARCHAR(20))">
                <constraints unique="true" nullable="false"/>
            </column>
            <column name="LAST_MODIFIED" type="java.sql.Types.TIMESTAMP"/>
        </createTable>
    </changeSet>

    <changeSet author="Nrusingh" id="changelog-9003.1">
        <insert tableName="USR_STATUS_VALUE">
            <column name="ID" type="java.sql.Types.BIGINT" value="1"/>
            <column name="STATUS" type="java.sql.Types.VARCHAR(20))" value="ACT"/>
            <column name="LAST_MODIFIED" type="java.sql.Types.TIMESTAMP" valueDate="CURRENT_TIMESTAMP"/>
        </insert>

        <insert tableName="USR_STATUS_VALUE">
            <column name="ID" type="java.sql.Types.BIGINT" value="2"/>
            <column name="STATUS" type="java.sql.Types.VARCHAR(20))" value="BLK"/>
            <column name="LAST_MODIFIED" type="java.sql.Types.TIMESTAMP" valueDate="CURRENT_TIMESTAMP"/>
        </insert>

    </changeSet>
</databaseChangeLog>