<databaseChangeLog
        xmlns="http://www.liquibase.org/xml/ns/dbchangelog/1.9"
        xmlns:xsi="http://www.w3.org/2001/XMLSchema-instance"
        xsi:schemaLocation="http://www.liquibase.org/xml/ns/dbchangelog/1.9
                      http://www.liquibase.org/xml/ns/dbchangelog/dbchangelog-1.9.xsd">

    <changeSet author="Nrusingh" id="changelog-1004">
        <createTable tableName="COR_LOCALE">
            <column name="LOCALE_ID" type="java.sql.Types.BIGINT">
                <constraints primaryKey="true" nullable="false" />
            </column>
            <column name="LANGUAGE" type="java.sql.Types.VARCHAR(2))">
                <constraints nullable="false"/>
            </column>
            <column name="COUNTRY" type="java.sql.Types.VARCHAR(2))">
                <constraints nullable="false"/>
            </column>
            <column name="LAST_MODIFIED" type="java.sql.Types.TIMESTAMP"/>
        </createTable>
    </changeSet>

    <changeSet author="Nrusingh" id="changelog-1004.1">
        <insert tableName="COR_LOCALE">
            <column name="LOCALE_ID" type="java.sql.Types.BIGINT" value="1"/>
            <column name="LANGUAGE" type="java.sql.Types.VARCHAR(2))" value="en"/>
            <column name="COUNTRY" type="java.sql.Types.VARCHAR(2))" value="US"/>
            <column name="LAST_MODIFIED" type="java.sql.Types.TIMESTAMP" valueDate="CURRENT_TIMESTAMP"/>
        </insert>

        <insert tableName="COR_LOCALE">
            <column name="LOCALE_ID" type="java.sql.Types.BIGINT" value="2"/>
            <column name="LANGUAGE" type="java.sql.Types.VARCHAR(2))" value="en"/>
            <column name="COUNTRY" type="java.sql.Types.VARCHAR(2))" value="GB"/>
            <column name="LAST_MODIFIED" type="java.sql.Types.TIMESTAMP" valueDate="CURRENT_TIMESTAMP"/>
        </insert>

    </changeSet>
</databaseChangeLog>