<databaseChangeLog
        xmlns="http://www.liquibase.org/xml/ns/dbchangelog/1.9"
        xmlns:xsi="http://www.w3.org/2001/XMLSchema-instance"
        xsi:schemaLocation="http://www.liquibase.org/xml/ns/dbchangelog/1.9
                      http://www.liquibase.org/xml/ns/dbchangelog/dbchangelog-1.9.xsd">

    <changeSet author="Nrusingh" id="changelog-1001">
        <createTable tableName="COR_AUTO_NUMBER">
            <column name="ID" type="java.sql.Types.VARCHAR(255)">
                <constraints primaryKey="true" nullable="false" />
            </column>
            <column name="VALUE" type="java.sql.Types.BIGINT">
                <constraints nullable="false"/>
            </column>
        </createTable>
    </changeSet>
</databaseChangeLog>